run_accession,experiment_accession,sample_accession,biosample_accession,library_accession,series_accession,study_accession,project_accession,sex,assay,suspension_type
ERR3804226,ERX3806116,ERS4228631,SAMEA6463126,,,ERP119282,PRJEB36131,female,10x 5' v1,cell
ERR3804234,ERX3806124,ERS4228639,SAMEA6463134,,,ERP119282,PRJEB36131,female,10x 5' v1,cell
ERR7441164,ERX3984858,ERS4605099,SAMEA6877913,,,ERP120466,PRJEB37165,female,10x 3' v2,cell
SRR24975533,SRX20732911,SRS18023750,SAMN35813586,GSM7500409,"GSE235326,GSE195665",SRP445031,PRJNA985695,female,10x 3' v3,cell
SRR24975532,SRX20732911,SRS18023750,SAMN35813586,GSM7500409,"GSE235326,GSE195665",SRP445031,PRJNA985695,female,10x 3' v3,cell
SRR11470718,SRX8047154,SRS6418593,SAMN14525756,GSM4451271 ,GSE147979,SRP255012,PRJNA622707,female,10x 3' v2,cell
ERR3804204,ERX3806094,ERS4228609,SAMEA6463104,,,ERP119282,PRJEB36131,male,10x 5' v1,cell
ERR3804218,ERX3806108,ERS4228623,SAMEA6463118,,,ERP119282,PRJEB36131,male,10x 5' v1,cell
ERR3804221,ERX3806111,ERS4228626,SAMEA6463121,,,ERP119282,PRJEB36131,male,10x 5' v1,cell
ERR3804222,ERX3806112,ERS4228627,SAMEA6463122,,,ERP119282,PRJEB36131,male,10x 5' v1,cell
ERR3804229,ERX3806119,ERS4228634,SAMEA6463129,,,ERP119282,PRJEB36131,male,10x 5' v1,cell
ERR3804230,ERX3806120,ERS4228635,SAMEA6463130,,,ERP119282,PRJEB36131,male,10x 5' v1,cell
ERR3804235,ERX3806125,ERS4228640,SAMEA6463135,,,ERP119282,PRJEB36131,male,10x 5' v1,cell
ERR3804255,ERX3806145,ERS4228660,SAMEA6463155,,,ERP119282,PRJEB36131,male,10x 5' v1,cell
SRR33534016,SRX28768364,SRS25008242,SAMN48444346,GSM9031553,GSE299043,SRP559768,PRJNA1215450,male,10x 5' v2,cell
SRR33534011,SRX28768369,SRS25008248,SAMN48444354,GSM9031561,GSE299043,SRP559768,PRJNA1215450,male,10x 5' v2,cell
SRR33534009,SRX28768371,SRS25008250,SAMN48444356,GSM9031563,GSE299043,SRP559768,PRJNA1215450,male,10x 5' v2,cell
SRR33534729,SRX28769165,SRS25009042,SAMN48444866,GSM9031691,GSE299043,SRP559768,PRJNA1215450,male,10x 5' v2,cell
SRR33534819,SRX28769249,SRS25009125,SAMN48444796,GSM9031663,GSE299043,SRP559768,PRJNA1215450,male,10x 5' v2,cell
SRR33681852,SRX28908215,SRS25133587,SAMN48707199,GSM9031745,GSE299043,SRP559768,PRJNA1215450,male,10x 5' v2,cell
SRR33681851,SRX28908216,SRS25133586,SAMN48707202,GSM9031748,GSE299043,SRP559768,PRJNA1215450,male,10x 5' v2,cell
SRR33681850,SRX28908217,SRS25133588,SAMN48707204,GSM9031750,GSE299043,SRP559768,PRJNA1215450,male,10x 5' v2,cell
SRR33682071,SRX28908344,SRS25133716,SAMN48707271,GSM9031786,GSE299043,SRP559768,PRJNA1215450,male,10x 5' v2,cell
SRR33682042,SRX28908373,SRS25133745,SAMN48707399,GSM9031848,GSE299043,SRP559768,PRJNA1215450,male,10x 5' v2,cell
SRR33682097,SRX28908460,SRS25133830,SAMN48707203,GSM9031749,GSE299043,SRP559768,PRJNA1215450,male,10x 5' v2,cell
ERR6449748,ERX4319157,ERS5009223,SAMEA7249695,,,ERP123138,PRJEB39602,female,10x 3' v2,nucleus
ERR7423235,ERX4319157,ERS5009223,SAMEA7249695,,,ERP123138,PRJEB39602,female,10x 3' v2,nucleus
ERR6449774,ERX4319198,ERS5009323,SAMEA7249829,,,ERP123138,PRJEB39602,female,10x 3' v2,nucleus
ERR7423261,ERX4319198,ERS5009323,SAMEA7249829,,,ERP123138,PRJEB39602,female,10x 3' v2,nucleus
SRR20711328,SRX16732243,SRS14360563,SAMN30052194,GSM6416574,GSE210077,SRP388800,PRJNA863623,female,10x 3' v3,nucleus
SRR20711329,SRX16732243,SRS14360563,SAMN30052194,GSM6416574,GSE210077,SRP388800,PRJNA863623,female,10x 3' v3,nucleus
SRR20711316,SRX16732250,SRS14360570,SAMN30052187,GSM6416589,GSE210077,SRP388800,PRJNA863623,female,10x 3' v3,nucleus
SRR20711317,SRX16732250,SRS14360570,SAMN30052187,GSM6416589,GSE210077,SRP388800,PRJNA863623,female,10x 3' v3,nucleus
SRR24908643,SRX20670081,SRS17965816,SAMN35724703,GSM7475150,"GSE195665,GSE234817",SRP443155,PRJNA983286,female,10x 3' v2,nucleus
SRR24908646,SRX20670081,SRS17965816,SAMN35724703,GSM7475150,"GSE195665,GSE234817",SRP443155,PRJNA983286,female,10x 3' v2,nucleus
SRR24908645,SRX20670081,SRS17965816,SAMN35724703,GSM7475150,"GSE195665,GSE234817",SRP443155,PRJNA983286,female,10x 3' v2,nucleus
SRR24908644,SRX20670081,SRS17965816,SAMN35724703,GSM7475150,"GSE195665,GSE234817",SRP443155,PRJNA983286,female,10x 3' v2,nucleus
SRR24908635,SRX20670083,SRS17965814,SAMN35724701,GSM7475152,"GSE195665,GSE234817",SRP443155,PRJNA983286,female,10x 3' v2,nucleus
SRR24908637,SRX20670083,SRS17965814,SAMN35724701,GSM7475152,"GSE195665,GSE234817",SRP443155,PRJNA983286,female,10x 3' v2,nucleus
SRR24908638,SRX20670083,SRS17965814,SAMN35724701,GSM7475152,"GSE195665,GSE234817",SRP443155,PRJNA983286,female,10x 3' v2,nucleus
SRR24908636,SRX20670083,SRS17965814,SAMN35724701,GSM7475152,"GSE195665,GSE234817",SRP443155,PRJNA983286,female,10x 3' v2,nucleus
SRR31277949,SRX26656958,SRS23150939,SAMN44628523,GSM8619170,GSE281356,SRP543910,PRJNA1183538,female,10x 3' v3,nucleus
SRR31277948,SRX26656958,SRS23150939,SAMN44628523,GSM8619170,GSE281356,SRP543910,PRJNA1183538,female,10x 3' v3,nucleus
SRR31277950,SRX26656958,SRS23150939,SAMN44628523,GSM8619170,GSE281356,SRP543910,PRJNA1183538,female,10x 3' v3,nucleus
SRR31277895,SRX26656958,SRS23150939,SAMN44628523,GSM8619170,GSE281356,SRP543910,PRJNA1183538,female,10x 3' v3,nucleus
SRR17764594,SRX13926940,SRS11775200,SAMN25280645,GSM5837797,GSE195460,SRP356866,PRJNA800746,male,10x 5' v1,nucleus
SRR30522731,SRX25946396,SRS22530997,SAMN43479346,GSM8493748,GSE210077,SRP388800,PRJNA863623,male,10x 3' v3,nucleus
SRR9141217,SRX5914368,SRS4832594,SAMN11878525,GSM3823942 ,GSE131882,SRP199727,PRJNA545232,male,10x 5' v1,nucleus
SRR11858628,SRX8408725,SRS6721061,SAMN15040596,GSM4572193 ,GSE151302,SRP264987,PRJNA635415,male,10x 5' v1,nucleus
SRR11858627,SRX8408725,SRS6721061,SAMN15040596,GSM4572193 ,GSE151302,SRP264987,PRJNA635415,male,10x 5' v1,nucleus
ERR6449877,ERX4319150,ERS5009256,SAMEA7249639,,,ERP123138,PRJEB39602,,,
ERR6449880,ERX4319150,ERS5009256,SAMEA7249639,,,ERP123138,PRJEB39602,,,
ERR7423364,ERX4319150,ERS5009256,SAMEA7249639,,,ERP123138,PRJEB39602,,,
SRR9990775,SRX6730015,SRS5281874,SAMN12592468,GSM4037986 ,GSE135922,SRP218652,PRJNA560646,,,
SRR9990777,SRX6730015,SRS5281874,SAMN12592468,GSM4037986 ,GSE135922,SRP218652,PRJNA560646,,,
SRR9990776,SRX6730015,SRS5281874,SAMN12592468,GSM4037986 ,GSE135922,SRP218652,PRJNA560646,,,
ERR4027892,ERX4029231,ERS4467520,SAMEA6739635,,,ERP121161,PRJEB37830,,,
ERR4027895,ERX4029231,ERS4467520,SAMEA6739635,,,ERP121161,PRJEB37830,,,
ERR4027894,ERX4029231,ERS4467520,SAMEA6739635,,,ERP121161,PRJEB37830,,,
ERR4027893,ERX4029231,ERS4467520,SAMEA6739635,,,ERP121161,PRJEB37830,,,
ERR4653821,ERX4577544,ERS5133871,SAMEA7375429,,,ERP124296,PRJEB40639,,,
ERR4653824,ERX4577544,ERS5133871,SAMEA7375429,,,ERP124296,PRJEB40639,,,
ERR4653823,ERX4577544,ERS5133871,SAMEA7375429,,,ERP124296,PRJEB40639,,,
ERR4653822,ERX4577544,ERS5133871,SAMEA7375429,,,ERP124296,PRJEB40639,,,
ERR5417919,ERX5202406,ERS5890161,SAMEA8203560,,,ERP127429,PRJEB43460,,,
ERR5417922,ERX5202406,ERS5890161,SAMEA8203560,,,ERP127429,PRJEB43460,,,
ERR5417920,ERX5202406,ERS5890161,SAMEA8203560,,,ERP127429,PRJEB43460,,,
ERR5417921,ERX5202406,ERS5890161,SAMEA8203560,,,ERP127429,PRJEB43460,,,
SRR11858626,SRX8408724,SRS6721060,SAMN15040597,GSM4572192 ,GSE151302,SRP264987,PRJNA635415,,,
SRR11858631,SRX8408727,SRS6721063,SAMN15040594,GSM4572195 ,GSE151302,SRP264987,PRJNA635415,,,
SRR11858632,SRX8408728,SRS6721064,SAMN15040593,GSM4572196 ,GSE151302,SRP264987,PRJNA635415,,,
SRR9141213,SRX5914366,SRS4832592,SAMN11878527,GSM3823940 ,GSE131882,SRP199727,PRJNA545232,,,
SRR9141214,SRX5914366,SRS4832592,SAMN11878527,GSM3823940 ,GSE131882,SRP199727,PRJNA545232,,,
SRR9141216,SRX5914367,SRS4832593,SAMN11878526,GSM3823941 ,GSE131882,SRP199727,PRJNA545232,,,
SRR9141215,SRX5914367,SRS4832593,SAMN11878526,GSM3823941 ,GSE131882,SRP199727,PRJNA545232,,,
SRR9141218,SRX5914369,SRS4832595,SAMN11878524,GSM3823943 ,GSE131882,SRP199727,PRJNA545232,,,
SRR9141219,SRX5914369,SRS4832595,SAMN11878524,GSM3823943 ,GSE131882,SRP199727,PRJNA545232,,,
SRR32118900,SRX27465338,SRS23890760,SAMN46409437,GSM9031419,GSE299043,SRP559768,PRJNA1215450,,,
SRR33681854,SRX28908213,SRS25133584,SAMN48707468,GSM9031887,GSE299043,SRP559768,PRJNA1215450,,,
SRR33534197,SRX28768531,SRS25008410,SAMN48444194,GSM9031481,GSE299043,SRP559768,PRJNA1215450,,,
SRR33534173,SRX28768555,SRS25008434,SAMN48444285,GSM9031524,GSE299043,SRP559768,PRJNA1215450,,,
SRR33534149,SRX28768579,SRS25008458,SAMN48444357,GSM9031564,GSE299043,SRP559768,PRJNA1215450,,,
SRR33534285,SRX28768625,SRS25008504,SAMN48444290,GSM9031529,GSE299043,SRP559768,PRJNA1215450,,,
SRR33534282,SRX28768628,SRS25008507,SAMN48444293,GSM9031532,GSE299043,SRP559768,PRJNA1215450,,,
SRR33534704,SRX28769016,SRS25008892,SAMN48444691,GSM9031617,GSE299043,SRP559768,PRJNA1215450,,,
SRR33534809,SRX28769085,SRS25008961,SAMN48444830,GSM9031679,GSE299043,SRP559768,PRJNA1215450,,,
SRR33534790,SRX28769104,SRS25008980,SAMN48444872,GSM9031697,GSE299043,SRP559768,PRJNA1215450,,,
ERR6449853,ERX4319130,ERS5009303,SAMEA7249835,,,ERP123138,PRJEB39602,,,
ERR7423341,ERX4319130,ERS5009303,SAMEA7249835,,,ERP123138,PRJEB39602,,,
ERR6449854,ERX4319130,ERS5009303,SAMEA7249835,,,ERP123138,PRJEB39602,,,
ERR7423340,ERX4319130,ERS5009303,SAMEA7249835,,,ERP123138,PRJEB39602,,,
ERR7423343,ERX4319130,ERS5009303,SAMEA7249835,,,ERP123138,PRJEB39602,,,
ERR6449856,ERX4319130,ERS5009303,SAMEA7249835,,,ERP123138,PRJEB39602,,,
SRR17764593,SRX13926942,SRS11775202,SAMN25280643,GSM5837799,GSE195460,SRP356866,PRJNA800746,,,
SRR9141220,SRX5914370,SRS4832596,SAMN11878523,GSM3823944 ,GSE131882,SRP199727,PRJNA545232,,,
SRR9141221,SRX5914370,SRS4832596,SAMN11878523,GSM3823944 ,GSE131882,SRP199727,PRJNA545232,,,
SRR11858629,SRX8408726,SRS6721062,SAMN15040595,GSM4572194 ,GSE151302,SRP264987,PRJNA635415,,,
SRR11858630,SRX8408726,SRS6721062,SAMN15040595,GSM4572194 ,GSE151302,SRP264987,PRJNA635415,,,
SRR9141212,SRX5914365,SRS4832591,SAMN11878528,GSM3823939 ,GSE131882,SRP199727,PRJNA545232,,,
SRR23617314,SRX19501887,SRS16890196,SAMN33441048,GSM7064237,"GSE226108,GSE265801,GSE265774",SRP424526,PRJNA938514,,,
